VTuber ID,Video Type,Title,Publish Time,URL,Thumbnail URL
16896dffcb474d7aa21540c944a2f7de,live,1/31 åŠ ç­Day5 æ–°å¹´å¿«æ¨‚~!  æ–°å¹´åŠ ç­è½‰ç›¤é–‹å•Ÿ~!åŠ ç­,2025-01-29T12:05:49Z,https://www.twitch.tv/wuwind1767,https://static-cdn.jtvnw.net/previews-ttv/live_user_wuwind1767-{width}x{height}.jpg
b5c9831f97f4427a88a96d7c4ee40539,live,ã€ç›´æ’­ã€‘1/30å¤§å¹´åˆäºŒ.....ç¾åœ¨æ­£æ˜¯åŠ ç­çš„æ™‚åˆ»!! ç¥æ‚¨è²¡é‹æ¡ƒèŠ±è›‡ä¸å®Œ !åŠ ç­ã€è’”ä¹ƒã»ã®ã‹ã€‘ï½œ @makino_honoka,2025-01-29T14:07:31Z,https://www.twitch.tv/makino_honoka,https://static-cdn.jtvnw.net/previews-ttv/live_user_makino_honoka-{width}x{height}.jpg
fbd0d260a09c47b1a9dcc73fd41e7eca,live,1/27å®‡ç´«é†¬â˜” â”‚æ‘¸é­šFAFA â”‚ FF44 (å…­æ—¥) æ”¤ä½ç·¨è™Ÿï¼šN41ã€N42 â”‚,2025-01-29T19:14:38Z,https://www.twitch.tv/h6x6h,https://static-cdn.jtvnw.net/previews-ttv/live_user_h6x6h-{width}x{height}.jpg
a9396c8dd95e43b29c694b14afa07ac4,live,ä½ æ˜¯æˆ‘çš„å¸•é­¯ï½œå¥½æƒ³è¦é‚£å€‹é…·é…·çš„ç´…åŒ…ï½œ!åŠ ç­ï½œ!æ¸›ç­ï½œä¹¾çˆ¹æ–—éŒ¢éŒ¢ï¼Œæ¶…ç±³éå¹´å¹´,2025-01-29T20:04:26Z,https://www.twitch.tv/mihiru0110,https://static-cdn.jtvnw.net/previews-ttv/live_user_mihiru0110-{width}x{height}.jpg
04e61f47cdf542c7b5a3b3ae569fc021,live,æ›æ©Ÿæ›æ©Ÿ | ä¸»æ’­è‡¨æ™‚æœ‰äº‹ æ‡‰è©²2å¤©å¾Œè¦‹ æ–°å¹´å¿«æ¨‚! |,2025-01-29T21:26:51Z,https://www.twitch.tv/happiegrassie,https://static-cdn.jtvnw.net/previews-ttv/live_user_happiegrassie-{width}x{height}.jpg
bf03fd8b5b55481590ea63338c5cdd20,live,1/31 åŠ ç­Day62 !åŠ ç­ !é€±é‚Š / æªåœ˜æ¯10äºº+2åˆ†é˜ / !DC / @komorikuma_vtuber,2025-01-29T22:30:05Z,https://www.twitch.tv/komorikuma_vtuber,https://static-cdn.jtvnw.net/previews-ttv/live_user_komorikuma_vtuber-{width}x{height}.jpg
76165d25983b463eaa1da66c86a32b7c,live,ã€æ—¥å¸¸ã€‘æ–°å¹´å¿«æ¨‚ å¤œå½©æ˜¯æš–åºŠå°æƒ¡é­”UwU   @yorurovtuber ã€é›ä¹‹æ£®Ainomoriã€‘|ã€å¤œå½©Yoruroã€‘æ„Ÿè¬æªåœ˜:   @laozhangmy @noctjade @416__416 @a59912092,2025-01-30T00:35:44Z,https://www.twitch.tv/yorurovtuber,https://static-cdn.jtvnw.net/previews-ttv/live_user_yorurovtuber-{width}x{height}.jpg
8e858eb26f3b4ca2beab2baccc887893,live,ğŸŒ™ã€æˆ‘æ˜¯10é»åŠå°±æ´—æ¾¡ä¸ŠåºŠç¡è¦ºçš„å¥½å¯¶å¯¶ã€‘ éå¹´ä¸é—œå°~ @lanningyue,2025-01-30T07:19:48Z,https://www.twitch.tv/lanningyue,https://static-cdn.jtvnw.net/previews-ttv/live_user_lanningyue-{width}x{height}.jpg
caf08c74dd7b4919bca49eef394d5475,live,ã€çµ•å€é›¶ZZZã€‘   Ê•â¸â¸â¸Oâ°™OÊ” ï½œæ„Ÿè¬æªåœ˜ï¼æ„Ÿè¬è¿½éš¨ï¼æ„Ÿè¬æ›å°ï½  !ç°½åˆ° !DC !YT !IG !X !bsky ï½œæ¨æ¨å¯¶ @mayko0327 @sunya_owo,2025-01-30T10:34:46Z,https://www.twitch.tv/molilyqq,https://static-cdn.jtvnw.net/previews-ttv/live_user_molilyqq-{width}x{height}.jpg
a60c8fc0a1324bf8b65053231ee22373,live,ã€å¤§å¹´åˆä¸‰ã€‘è¦ç¡é£½ ä½ å€‘æœ‰æ²’æœ‰ç¡é£½  !ä»Šæ—¥é‹å‹¢ !yt !socials,2025-01-30T10:49:05Z,https://www.twitch.tv/peamanbell,https://static-cdn.jtvnw.net/previews-ttv/live_user_peamanbell-{width}x{height}.jpg
40a4357f990e4fd8ad2ac18c26603925,live,ã€Šç¥ç¤¾ä»•äº‹ä¸­ã€‹æ–°å¹´å¿«æ¨‚ æ„Ÿå†’éµè…¿å‡¹å‡¹ ä¼‘é¤Šä¸­ æœ‰å¥½ä¸€é»äº†QQ,2025-01-30T12:48:01Z,https://www.twitch.tv/yushenmizi,https://static-cdn.jtvnw.net/previews-ttv/live_user_yushenmizi-{width}x{height}.jpg
77364942d7f24440bbde8efa71c724df,live,ç¡äº†æ™šå®‰ | é›œè«‡èŠå¤©  | !DC  !ID |,2025-01-30T15:13:16Z,https://www.twitch.tv/kuroyamanekota,https://static-cdn.jtvnw.net/previews-ttv/live_user_kuroyamanekota-{width}x{height}.jpg
a429c3010da544bab919814a3ea472a4,live,ã€31/1ã€‘  äººç‚ºä»€éº¼è¦å‰ªç‰‡? | ft. | @kijyou_yukino | æƒ³è¦é…·é…·çš„ç´«å‹¾å‹¾  ã€CN/JPã€‘,2025-01-30T16:45:25Z,https://www.twitch.tv/kijyou_yukino,https://static-cdn.jtvnw.net/previews-ttv/live_user_kijyou_yukino-{width}x{height}.jpg
d889f67fe7b84a38a9742ab2a47f346a,live,ã€Š24å°æ™‚ç”Ÿæ´»å°ã€‹ï½œä¸»æ’­æ˜¯é²åˆ°ä»”ï¼Œäº”é»åˆ°å®¶ğŸ¥¹ï½œã€ @enchan_twt ã€‘,2025-01-30T16:45:29Z,https://www.twitch.tv/enchan_twt,https://static-cdn.jtvnw.net/previews-ttv/live_user_enchan_twt-{width}x{height}.jpg
627d42f52e604f3e8eadc7f04ef74d2a,live,è˜‡ã„Œ500æ‘³  !OC !Dc !å¤§å§Šå¤§ !æ…ˆå–„è³­ç‹å¤§è³½,2025-01-30T17:06:31Z,https://www.twitch.tv/shinatsukishiro,https://static-cdn.jtvnw.net/previews-ttv/live_user_shinatsukishiro-{width}x{height}.jpg
a6815e229f914db2a936ad70c285cea2,live,æ–°å¹´è€ä¹… GO! |ã€å°æœˆæœˆ | @small_moonmoon ã€‘,2025-01-30T17:09:42Z,https://www.twitch.tv/small_moonmoon,https://static-cdn.jtvnw.net/previews-ttv/live_user_small_moonmoon-{width}x{height}.jpg
7badd33c853240e280db61899f381ff2,live,ã€æ–°å¹´åŠ ç­å°ã€‘ç¹¼çºŒGTA å¿ èª é»æ–—å…§è½‰ç›¤ç«‹ç‰ŒæŠ½çã€éµºå›¹Nueã€‘#éµºç”Ÿæ´»,2025-01-30T18:02:29Z,https://www.twitch.tv/yelingdehuliwo,https://static-cdn.jtvnw.net/previews-ttv/live_user_yelingdehuliwo-{width}x{height}.jpg
887b37336c9c4730809ace8b5e38df17,live,æ–°æ˜¥éœ²æˆ°éšŠğŸ§§å…¬æœƒæ‹›ç”Ÿä¸­â­ ^â¦á‘-^ à©­ï½œğŸ§¨ç¬¬ï¼“æ³¢æ–°å¹´æ¡Œå¸ƒä¸Šå‚³å•¦.áŸ â€¿âœ¦ !dc !MP !é­”æ³•å·¥åŠ,2025-01-30T21:41:43Z,https://www.twitch.tv/isyourlulu,https://static-cdn.jtvnw.net/previews-ttv/live_user_isyourlulu-{width}x{height}.jpg
cd4c94db2aed435794cc7e55999016e7,live,Hong Kong Island round island walk. / åˆä¸‰èµ¤å£è¡Œæ¸¯å³¶ä¸€åœˆï¼,2025-01-30T22:22:41Z,https://www.twitch.tv/mine_nekomura,https://static-cdn.jtvnw.net/previews-ttv/live_user_mine_nekomura-{width}x{height}.jpg
1756e5a7f5a04ff6a7b5f482201b5cfc,live,ã€iZ4ğŸ¬ã€‘1/31ï¼ä¸€æœˆçš„æœ€å¾Œä¸€å¤©å•¦ 18:30è·³èˆï¼!LINEã€!é€±é‚Šã€!é­”å„²,2025-01-31T00:42:03Z,https://www.twitch.tv/kiyomi425alice,https://static-cdn.jtvnw.net/previews-ttv/live_user_kiyomi425alice-{width}x{height}.jpg
843d99233b474827a2f0bc417ffd3852,live,ã€æŠ¹èŒ¶ã€‘01/31ï½œå¥½æ¶ˆæ¯æ˜¯ä½œæ¯æ­£å¸¸äº† å£æ¶ˆæ¯æ˜¯ç¡æˆè±¬äº† â™¡ æ–°å¹´åŠ ç­å°å•Ÿå‹•ï½œ @isuzumaccha ï½œ!é­”å„² !å§”è¨— ğŸµ #èŒ¶å®¤ç‡Ÿæ¥­ä¸­,2025-01-31T01:43:57Z,https://www.twitch.tv/isuzumaccha,https://static-cdn.jtvnw.net/previews-ttv/live_user_isuzumaccha-{width}x{height}.jpg
6c7336d4605540c6871de5f96874129c,live,åˆä¸‰å›ä½ å®¶  | !è½‰ç›¤ !æ‰‹æ©Ÿæ®¼ !é­”å„² | æ›å°é–‹5%éŸ³é‡â™ª | @mibao1013,2025-01-31T01:49:55Z,https://www.twitch.tv/mibao1013,https://static-cdn.jtvnw.net/previews-ttv/live_user_mibao1013-{width}x{height}.jpg
afa3e309e41044c5bffe17466607d481,live,é›ªé›ªà¹â€¢á´—â€¢à¹ 1/31 1æœˆæœ€å¾Œä¸€å¤© @yukkkkiouo !è‡ªä¸»è¨‚é–±æ”¯æ´ !å‘¨é‚Š !é­”å„²,2025-01-31T02:51:51Z,https://www.twitch.tv/yukkkkiouo,https://static-cdn.jtvnw.net/previews-ttv/live_user_yukkkkiouo-{width}x{height}.jpg
3513b73ded994bc3a92a70c9632c9856,live,è²¡ç¥åˆ°æˆ‘å®¶å¤§é–€å£ï¼Œä»–æ²’æœ‰é€²ä¾†ï½œä¸è¦å•ç¬¨å•é¡Œï½œæ‰“æ‹›å‘¼çµ±ä¸€èªªæ—©å®‰ (ã¤Â´Ï‰`)ã¤,2025-01-31T02:55:52Z,https://www.twitch.tv/boxhead1005,https://static-cdn.jtvnw.net/previews-ttv/live_user_boxhead1005-{width}x{height}.jpg
4071b27c63424e1f9882ebe04a884586,live,âœ§Ë–01/Ë‡31âœ§ æ™šä¸Š8é» poppy play time4| !æ–°è¡£ !æŒ‡ä»¤è½‰ç›¤| @snowwolf0627,2025-01-31T03:49:23Z,https://www.twitch.tv/snowwolf0627,https://static-cdn.jtvnw.net/previews-ttv/live_user_snowwolf0627-{width}x{height}.jpg
bf277797951346fe991c27c79a6c5081,live,01/31ã€ç™½å…”ã€‘é²åˆ°äº† å…ˆè·‘è·‘~ç©åˆ†391å¤§æ„Ÿè¬<3ï½œ @rabbit1102 ï½œ,2025-01-31T04:23:04Z,https://www.twitch.tv/rabbit1102,https://static-cdn.jtvnw.net/previews-ttv/live_user_rabbit1102-{width}x{height}.jpg
c7f53f2fbdbe4db488629ab4d738a16a,live,"â¤ï¸å¤©æœˆéº»å°‡â¤ï¸ è¡«ä¸‰èµ¤å£,å¤§å®¶è¦å’Œå’Œæ°£æ°£å–²www ft.",2025-01-31T04:51:08Z,https://www.twitch.tv/yanyuanxi,https://static-cdn.jtvnw.net/previews-ttv/live_user_yanyuanxi-{width}x{height}.jpg
4e4cbcbc0acf410ea5a50e4a6bbafd01,live,1/31 é‚£å¤©æˆ‘ç”¨è“®è“¬é ­æ‰“é›»è©±çµ¦ä½ ï¼Œä½ ç‚ºä»€éº¼ä¸æ¥,2025-01-31T05:07:43Z,https://www.twitch.tv/chun2_,https://static-cdn.jtvnw.net/previews-ttv/live_user_chun2_-{width}x{height}.jpg
793ec2d37c544cc7915d3dc3e9902e1d,live,ã€ç¥ç¸åŠ ç­å°Day.3ã€‘ç“¦ç“¦ç“¦!!!æ³¡æ§å•¦!!!|æ­¡è¿æ›å°èŠå¤©~ !DC!é­”å„²!ã„ã„§ã„¤å’ª!è€³è†œ @kozukiyuki_0710 è€å©†: @mohumew,2025-01-31T05:26:35Z,https://www.twitch.tv/kozukiyuki_0710,https://static-cdn.jtvnw.net/previews-ttv/live_user_kozukiyuki_0710-{width}x{height}.jpg
6073eb006b764614915e90b5c54ce7e6,live,1/31 è‚‰é¬†çµ¦æˆ‘æ–°ç©å…·æ¡Œå¯µ!! é †ä¾¿ç©ä¸€ä¸‹3D!!! !æ¡Œå¸ƒåœ– !ERä¹å®®æ ¼ !é­”å„²â”ƒæ›å°æ„Ÿè¬â™¡ @enola0305 ï½œæ„›è«¾æ‹‰áƒ¦,2025-01-31T05:41:31Z,https://www.twitch.tv/enola0305,https://static-cdn.jtvnw.net/previews-ttv/live_user_enola0305-{width}x{height}.jpg
29a3d514ca274f6fb966f9d70bed4b52,live,31/1 æ¯æ—¥èµ¤å£æ¯æ—¥åŠ ç­ (*Â´ï¹ƒï½€*) | æ­¡è¿æ›å° |,2025-01-31T05:43:39Z,https://www.twitch.tv/morinoaki_,https://static-cdn.jtvnw.net/previews-ttv/live_user_morinoaki_-{width}x{height}.jpg
13c69e2cf2ff4dc1907bbae9a87a8c0f,live,ã€ç ”ç ”èŸã€‘ç“¦åˆ°é¼ ï¼Œä¸çŸ¥é“ä»Šå¤©æˆ‘å€‘çš„å›ºå®šç“¦ç“¦å…„å¼Ÿå€‘è¦ä¸è¦é™ªæˆ‘æ‰ï½œ!ç‰Œä½!éšŠå‹ï¼Œçœ‹å°è£7TV @yanyantuuwu,2025-01-31T05:54:22Z,https://www.twitch.tv/yanyantuuwu,https://static-cdn.jtvnw.net/previews-ttv/live_user_yanyantuuwu-{width}x{height}.jpg
46a16e41f2af4523adeb4556f2e0b0d5,live,[åœ‹/ç²µ] 1/31  ( â¸â€¢á´—â€¢â¸)â™¡  â™¥ Ù©(à¹‘Â´Ğ´`à¹‘)Û¶ï»Œï»Œï»Œ â™¥ â¤ï¸,2025-01-31T06:02:31Z,https://www.twitch.tv/gogo_1205,https://static-cdn.jtvnw.net/previews-ttv/live_user_gogo_1205-{width}x{height}.jpg
a73b969a7fe24a9aaeb9bc1c63ca6450,live,æ©™é›¨æ²æ²¿ã€Šå¯¶å¯å¤¢ã€‹æœ‰æ–°å¡åŒ…!! | !FF | 20250131,2025-01-31T06:05:56Z,https://www.twitch.tv/nerolirain,https://static-cdn.jtvnw.net/previews-ttv/live_user_nerolirain-{width}x{height}.jpg
2a5241b8ebc54be98263c9ea2924b7e9,live,ï½›ç‘å…‹æ–¯ï½2025.01.31 (äº”) ä¼‘æ¯ä¸€ä¸‹ï¼»ä»Šå¤©å…§å®¹ï¼š League of Legends ],2025-01-31T06:07:02Z,https://www.twitch.tv/r1xerdesu,https://static-cdn.jtvnw.net/previews-ttv/live_user_r1xerdesu-{width}x{height}.jpg
29e2c3ae8e4d48f29fb3b89c463abb1c,live,ã€é™ªä½ éå¹´Day7ã€‘åˆä¸‰ç¡å¤ªé£½ï½œèˆå¦®è“åˆ—à«® ãƒ»ï»Œãƒ»áƒ,2025-01-31T06:14:38Z,https://www.twitch.tv/vtlabrador0118,https://static-cdn.jtvnw.net/previews-ttv/live_user_vtlabrador0118-{width}x{height}.jpg
dda9d5733f5f49f4aa77f147640040c3,live,1/31 åƒé£¯/ä¸åœ¨ä½å­ä¸Š | 600è¿½éŒ„5MAä¹‹æ­Œ,2025-01-31T06:33:50Z,https://www.twitch.tv/xingyi0741,https://static-cdn.jtvnw.net/previews-ttv/live_user_xingyi0741-{width}x{height}.jpg
aef2ed42d49343f28394b6335695b5ac,live,ã€ç§§é›²ã€‘1/Ë‡31 å¤§å¹´åˆä¸‰ã€Days Goneã€‘æ„Ÿè¬æªåœ˜~æ„Ÿè¬è¿½éš¨~æ„Ÿè¬æ›å°~âà¼¼ â—“ï¹ƒâ—”à¼½â | @yuncream æŒ‡ä»¤:!SRã€!songlistã€!DCã€!æ–—å…§ | ft.,2025-01-31T06:34:08Z,https://www.twitch.tv/yuncream,https://static-cdn.jtvnw.net/previews-ttv/live_user_yuncream-{width}x{height}.jpg
e4bea3dcc8934426a57516d4d6b373f4,live,ã€Šéœ²æ‰‹æ³¨æ„ã€‹åˆä¸‰ä¸€èµ·ç²å¾—å¥½é‹æ°£  à«®ê’°Ë¶à¸…ÌË˜à¸…Ì€Ë¶ê’±áƒ   @neoneon_n !å‘¨é‚Š !é­”å„²,2025-01-31T06:52:23Z,https://www.twitch.tv/neoneon_n,https://static-cdn.jtvnw.net/previews-ttv/live_user_neoneon_n-{width}x{height}.jpg
80dda735a7784d7fb999892874a05f0c,live,ã€ç„¡é™æš–æš–ã€‘èŠ±ç„°å­£ç››å¤§æ”¹ç‰ˆï¼çœ‹ç›´æ’­æŠ½é™é‡æŠ±æ•ï¼ä¸‹åˆäº”é»æŠ½ï¼ ãƒ½(^â€¥^=ã‚) ğŸ€ !é€±é‚Š  @tsume_neko âš æ­¡è¿èŠå¤©è¿½éš¨æ›å°,2025-01-31T06:55:20Z,https://www.twitch.tv/tsume_neko,https://static-cdn.jtvnw.net/previews-ttv/live_user_tsume_neko-{width}x{height}.jpg
626750f4e7a745619c171c44fb1efcc0,live,ã€æ°¸æ†è¼ªè¿´ã€‘01/31 åˆä¸‰PTCGP+åŠ ç­è½‰ç›¤ ERæ‰“æ‰“ç‰Œä½çœ‹è‡ºæ‹¿å¿ èª æ¯å‘¨ä¸€æŠ½NPè·Ÿä¸€å–®ã€å¤©ä½¿Vtuberå°é›ªYukichanã€‘#å°ç£Vtuber #Vtuber #EternalReturn,2025-01-31T06:58:52Z,https://www.twitch.tv/hosinoyasetsu,https://static-cdn.jtvnw.net/previews-ttv/live_user_hosinoyasetsu-{width}x{height}.jpg
0fa0331a92df4a21bc5fc771223c3b3c,live,âœ§Â° ã€ğŸ¬ğŸ­ğŸ¯ğŸ­ã€‘ æ–°å¹´å¿«æ¨‚.áŸ.áŸç¥ç§˜è¼ªç›¤ç™»å ´.áŸ.áŸï½œ!å·¥å•† !é­”å„² !æŠ½ï½œæ‹šè‡ªä¸»è¨‚é–±.áŸ.áŸ,2025-01-31T07:00:32Z,https://www.twitch.tv/hatsuyuki0623,https://static-cdn.jtvnw.net/previews-ttv/live_user_hatsuyuki0623-{width}x{height}.jpg
7179f903569e4fa9842b5c5ea3f7a645,live,PS5ã€é»‘ç¥è©±ï¼šæ‚Ÿç©º Black Myth Wukongã€‘#3 è™å…ˆé‹’è€å¸«ã€ZIJI Ch. ç´«è–Šã€‘#vtuber #å°V,2025-01-31T07:00:35Z,https://www.twitch.tv/ziji9258,https://static-cdn.jtvnw.net/previews-ttv/live_user_ziji9258-{width}x{height}.jpg
6d76e6b27f164061a216ec2831bd8dd3,live,[è‰¾èˆçµ²]æ–°å¹´å¿«æ¨‚,2025-01-31T07:07:41Z,https://www.twitch.tv/eihraz,https://static-cdn.jtvnw.net/previews-ttv/live_user_eihraz-{width}x{height}.jpg
dfb8234ecf8444e4a4732d53c17cd3a2,live,ã€éŠæˆ²å°ã€‘å°èœé³¥å˜å˜äº‚æ®ºâœ¡ | ft.ï½œ æ­¡è¿èŠå¤©/æ›æ©Ÿ | @kanamirosarin @mikazuki_wolfyï½œ å¸¸é§åª½å’ª @kazenaharuka,2025-01-31T07:20:25Z,https://www.twitch.tv/kanamirosarin,https://static-cdn.jtvnw.net/previews-ttv/live_user_kanamirosarin-{width}x{height}.jpg
6bf231719d5e485fa0cdee99905858d4,live,ã€1/31ã€‘ç´„æœƒGTA RPå°é‡å…­èŠ±D14ï¼å°ä¸‘è‡‰ä¸Šçš„é¼»å­ ï¼ˆRPæœŸé–“ä¸æœƒå›èŠå¤©å®¤ï¼‰ï¼ˆå°é‡æœ‰å¹»è½ï¼‰éæ•å¦–æ€ª,2025-01-31T07:26:35Z,https://www.twitch.tv/xiaoke0109,https://static-cdn.jtvnw.net/previews-ttv/live_user_xiaoke0109-{width}x{height}.jpg
09b00ccde152498b808efe7317bd52f0,live,ã€å¸Œç±³ã€‘1/31 æ¬¸ | @himmi0111 | !DC !æ–°ç‰‡ !å§”è¨—,2025-01-31T07:30:17Z,https://www.twitch.tv/himmi0111,https://static-cdn.jtvnw.net/previews-ttv/live_user_himmi0111-{width}x{height}.jpg
98c577d538f84d75a3c34e0f9d13c8a3,live,ç«æ¥“èˆ‡ä»–çš„å¿«æ¨‚å°å¤¥ä¼´å€‘ å¡”ç§‘å¤«ä¹‹æ—…,2025-01-31T07:35:18Z,https://www.twitch.tv/firemaple0918,https://static-cdn.jtvnw.net/previews-ttv/live_user_firemaple0918-{width}x{height}.jpg
e66d389ebb604096bfa99178e1a13c27,live,ã€LCKã€‘çœ‹æ¯”è³½LA~!!ï½œé˜¿çˆ¾è¥¿å©­ï¼å¹½æ¢¨é›…ğŸŒº,2025-01-31T07:55:36Z,https://www.twitch.tv/altheayolia,https://static-cdn.jtvnw.net/previews-ttv/live_user_altheayolia-{width}x{height}.jpg
f36c774fbf4847e1afdf66a1e4806ea3,live,0131â€¢ã€æ¸¸æˆ²ã€‘â€¢ Riä¾†çµ¦å¤§å®¶æ‹œå¹´å•¦,2025-01-31T07:57:13Z,https://www.twitch.tv/rivia1122,https://static-cdn.jtvnw.net/previews-ttv/live_user_rivia1122-{width}x{height}.jpg
62ca936be6c645a7bf2222b67086800a,live,æœƒå¡å‘Šè¨´æˆ‘ @twlonelyash,2025-01-31T07:57:58Z,https://www.twitch.tv/twlonelyash,https://static-cdn.jtvnw.net/previews-ttv/live_user_twlonelyash-{width}x{height}.jpg
4859b57db8e043f1965e56324f137097,live,01/31 åªèƒ½ç©ä¸€ä¸‹ æ˜å¤©è¦å‡ºé–€ 2/8æ–°è¡£è£ï½œæ­¡è¿æªåœ˜ !é­”å„² !dc,2025-01-31T07:59:16Z,https://www.twitch.tv/lingna0,https://static-cdn.jtvnw.net/previews-ttv/live_user_lingna0-{width}x{height}.jpg
d1d879cfccf7411296dcc765ca40e39c,live,"ã€ç·£ä¼Šã€‘0131 ç¥å¤§å®¶è›‡éº¼éƒ½å¿ƒæƒ³äº‹æˆ!!(Â´â–½`Êƒâ™¡Æª)"" || !ç‹è¨€ç‹¸èª || #é™è½æ˜Ÿçƒ || @linyuan0122",2025-01-31T08:03:32Z,https://www.twitch.tv/linyuan0122,https://static-cdn.jtvnw.net/previews-ttv/live_user_linyuan0122-{width}x{height}.jpg
2a0de6059bd74c298a80f45a8052790e,live,ğŸŸæ„Ÿå†’è‡³ä»Šé‚„æ²’å¥½/ åŠ ç­æ™‚æ•¸å‹Ÿé›†ä¸­!ğŸŸæ–·ç·šç³»/ åˆè¦‹æ­¡è¿  / ç”²é­š / !é£¯å‹ğŸŸ,2025-01-31T08:09:26Z,https://www.twitch.tv/sacabamba,https://static-cdn.jtvnw.net/previews-ttv/live_user_sacabamba-{width}x{height}.jpg
c08ae8d7412d407c8b233f6e445d081c,live,The Legend of Heroes: Trails to Azure,2025-01-31T08:16:00Z,https://www.twitch.tv/bk20112,https://static-cdn.jtvnw.net/previews-ttv/live_user_bk20112-{width}x{height}.jpg
9d9c6477329245cbb2557895f4f15686,live,/á . Ì« .áŸ\ 1/31 ä¸‹åˆå¥½ï¼Œä¸»åŒ…çš„è¦–åŠ›++ä»Šæ™šå…«é»é›ä¸¸å¹«é›†åˆ .áŸ.áŸ DCè‡ªä¸»è¨‚é–±ç¦åˆ©æ›´æ–°æ¾€åœ–å›‰ Ù©ê’°á› ( á– ê’±Û¶ !è²¼åœ– !æ»‘é¼ å¢Š,2025-01-31T08:17:56Z,https://www.twitch.tv/iitifox,https://static-cdn.jtvnw.net/previews-ttv/live_user_iitifox-{width}x{height}.jpg
6908430ccb204a1b9d95ee7a1711cae3,live,ã€è˜†è‘¦ğŸ­ã€‘1/31 æ–°å¹´å¿«æ¨‚ å…¨ä¸–ç•Œè©²ä¸æœƒåªå‰©æˆ‘æ²’è§£å®Œä¸»ç·šå§ Ê¢Â·ÍˆË”Â·ÍˆÊ¡â— Ì‘Ì‘,2025-01-31T08:20:07Z,https://www.twitch.tv/luweibaby,https://static-cdn.jtvnw.net/previews-ttv/live_user_luweibaby-{width}x{height}.jpg
e9569c3f60c541ab83899c09079feaa2,live,è½èªªçœ‹ç›´æ’­çš„å¥½é›·å¯¶éƒ½æœƒæš´å¯Œï¼//æœ‰æ°£è³ªé‹å‹•Day5~///æ›å°è«‹é–‹5%éŸ³é‡  @leinuoke,2025-01-31T08:24:19Z,https://www.twitch.tv/leinuoke,https://static-cdn.jtvnw.net/previews-ttv/live_user_leinuoke-{width}x{height}.jpg
c21d4186912d4652a7fb5a1b3ef382b6,live,0131 - åˆä¸‰èµ¤ç‹—æ—¥ä¸å®œå‡ºé–€ï¼Œé‚£æˆ‘å€‘å°±å¾…åœ¨å®¶è£¡å§âœ¨ç·šä¸Šå¯«è³€å¹´å¡çµ¦å¤§å®¶ğŸ©µ @kanina521 !é€±é‚Š !dc !cover !é­”å„²,2025-01-31T08:36:47Z,https://www.twitch.tv/kanina521,https://static-cdn.jtvnw.net/previews-ttv/live_user_kanina521-{width}x{height}.jpg
936b7b3d4250469d94b53ebc7e4936f6,live,ã€æ›‰ç·‹ã€‘ä¸‰åœ‹ç„¡åŒèµ·æº å‹‡æˆ°ç„¡åŒé›£åº¦3ç«  é€™æ¬¡è·‘ä»€éº¼ç·šå‘¢,2025-01-31T08:37:21Z,https://www.twitch.tv/kis0467,https://static-cdn.jtvnw.net/previews-ttv/live_user_kis0467-{width}x{height}.jpg
b6cc2e3d23f34ba8bbeba181d19a714c,live,SOOPè«‹æ±‚æ©Ÿç©!! ç¥å¤§å®¶æ–°å¹´å¿«æ¨‚ çª©å›åœ‹å•¦!!! å¥½æƒ³å°¼æ‚¶>< ä½†æ„Ÿå†’äº†  ï½¡ï¾Ÿãƒ½(ï¾ŸÂ´Ğ”`)ï¾‰ï¾Ÿï½¡ç—Šç™’å¾Œæœƒé–‹ç›´æ’­åˆ†äº«ç¾åœ‹ä¹‹æ—… å–‰åš¨ç—›å¯èƒ½æœƒå°‘èªªè©± |é»æ“Šä¸‹æ–¹è³‡è¨Šæ¬„å¯ä»¥éŠç©æˆ°è»Šä¸–ç•Œ !WOT,2025-01-31T08:37:52Z,https://www.twitch.tv/asft8822,https://static-cdn.jtvnw.net/previews-ttv/live_user_asft8822-{width}x{height}.jpg
d4cd6eee95774ca389aebf3e783a8cd8,live,1/31 æœ€è¿‘é‹æ°£éƒ½ä¸éŒ¯~~,2025-01-31T08:45:20Z,https://www.twitch.tv/auspiciousfox,https://static-cdn.jtvnw.net/previews-ttv/live_user_auspiciousfox-{width}x{height}.jpg
483a76d7ad1d464aa290606959ddddec,live,åˆè¦‹IBï¼å¹´åˆä¸‰ èŠ’äº¨çˆ†ä¸»ç·šè€ä¹…ï½œæ­¡è¿æŒ‚å° æªåœ˜,2025-01-31T08:53:35Z,https://www.twitch.tv/timu_desu,https://static-cdn.jtvnw.net/previews-ttv/live_user_timu_desu-{width}x{height}.jpg
c265c71f4d2744919a319f0f38c008f9,live,1/31 æ–°å¹´å¿«æ¨‚ï¼å”±æ­ŒèŠå¤©ï¼åŸä¾†1æœˆæœ‰31å¤©,2025-01-31T08:57:01Z,https://www.twitch.tv/hinata__0419,https://static-cdn.jtvnw.net/previews-ttv/live_user_hinata__0419-{width}x{height}.jpg
62d6466e900941d9b516c95cf222aa40,live,é…¸é…¸çˆ¬åˆ†è»Šä¸¨ç·£å®šä»Šç”Ÿ,2025-01-31T09:02:50Z,https://www.twitch.tv/molinowo,https://static-cdn.jtvnw.net/previews-ttv/live_user_molinowo-{width}x{height}.jpg
1357f282a9f04f6cbe3e215a0bd20482,live,ğ•”ğ• ğ•£ğ•˜ğ•š  æ–°æ˜¥é–‹å·¥ ï½¡ï¾Ÿ(ï¾ŸÂ´Ï‰`ï¾Ÿ)ï¾Ÿï½¡ é™ªåˆ†ç§‘æˆ°å£«è®€æ›¸  -`Ğ´Â´- ä»Šæ—¥çš„æ­Œå›æ”¹æ˜å¤©æˆ–å¾Œå¤© ä½†æ™šé»å¯ä»¥ç·´ç·´æ­Œ,2025-01-31T09:03:56Z,https://www.twitch.tv/mathchiwawa,https://static-cdn.jtvnw.net/previews-ttv/live_user_mathchiwawa-{width}x{height}.jpg
38391974f5af4fbbb6224e3d6f2f7fb3,live,ğŸ£ åˆä¸‰ æ–°å¹´å¿«æ¨‚~   !æœƒå“¡ â¤ï¸@kurosakiyuu \\è‡ªä¸»è¨‚é–± æ„Ÿè¬æ”¯æŒ ğŸ’™ !æ˜¯æ—¥è¡Œç¨‹ !2game 1/30,2025-01-31T09:06:31Z,https://www.twitch.tv/kurosakiyuu,https://static-cdn.jtvnw.net/previews-ttv/live_user_kurosakiyuu-{width}x{height}.jpg
eeefa43ecaf74f7b822dde3f0e7683d4,live,ã€31JANã€‘â„ï¸ğŸª æœ€å¾Œä¸€ç« äº† ä»Šå¤©æ‰“å¾—å®Œå— | æˆ–è¨±æˆ‘æ‰æ˜¯...ã€ç²µ/åœ‹/ENG/æ—¥ã€‘,2025-01-31T09:18:24Z,https://www.twitch.tv/kino_1212,https://static-cdn.jtvnw.net/previews-ttv/live_user_kino_1212-{width}x{height}.jpg
96be1e561acd4a75817c6424d9d4f9f0,live,ã€ğŸŒ™æ‹œå¹´ğŸŒ™!åŠ ç­ çœ‹è¦å‰‡ğŸŒ™!ç°½åˆ° 20å¤©æ›é™é‡å‘¨é‚Šã€‘ï½œ0131  !é­”å„² !7TV !åŠ ç­ !è§€çœ¾++ | æ›å°èŠå¤©æ­¡è¿ï½œ @hirum0405,2025-01-31T09:21:13Z,https://www.twitch.tv/hirum0405,https://static-cdn.jtvnw.net/previews-ttv/live_user_hirum0405-{width}x{height}.jpg
45e104a6eabe4967a6cb84e720dd8e74,live,ã€åˆä¸‰å¯¦æ³å°ã€‘èƒ½ä¸èƒ½å®…åˆ°åˆäº”å‘¢ï¼Ÿ,2025-01-31T09:28:24Z,https://www.twitch.tv/mijiaoas,https://static-cdn.jtvnw.net/previews-ttv/live_user_mijiaoas-{width}x{height}.jpg
2e266a71aa3d4a67bb8d9a2a0b573319,live,ã€ä»”é­šã€‘- 1/31 åˆ®ï¼Ÿ,2025-01-31T09:42:32Z,https://www.twitch.tv/ziifish,https://static-cdn.jtvnw.net/previews-ttv/live_user_ziifish-{width}x{height}.jpg
ec1dec0e956c41ea97dfcebe96bc41b4,live,-  1/31  åˆä¸‰ ~ ç­‰ç­‰é€£å‹•   | !æ‹ç«‹å¾— !æ‰‹æŠŠ,2025-01-31T09:45:40Z,https://www.twitch.tv/tian_0301,https://static-cdn.jtvnw.net/previews-ttv/live_user_tian_0301-{width}x{height}.jpg
9c913230c732455c9604dae9ebcfa64e,live,ã€å°å®‡å¯¦æ³ã€‘æ–°å¹´å¿«æ¨‚ å–‰åš¨ç—› 1/31ã€ç´”èŠå¤©ã€‘æ­¡è¿èŠå¤© !å‘¨é‚Š !é­”å„² #åˆè¦‹æ­¡è¿,2025-01-31T09:56:21Z,https://www.twitch.tv/amosyui,https://static-cdn.jtvnw.net/previews-ttv/live_user_amosyui-{width}x{height}.jpg
8746bf3b3b5843e7b00f6ec23fefb6b1,live,ã€è§€çœ¾å ´ã€‘Boku no PICO PARK 2ã€!å‘¨é‚Šã€‘ã€!é£›æ©Ÿæ¯ã€‘,2025-01-31T10:00:14Z,https://www.twitch.tv/kokuyoku_hyolan,https://static-cdn.jtvnw.net/previews-ttv/live_user_kokuyoku_hyolan-{width}x{height}.jpg
c41044006a014ed28107f33221a7de98,live,ææ—©é–‹å°åšæ™šé¤,2025-01-31T10:03:34Z,https://www.twitch.tv/asa_ifrit,https://static-cdn.jtvnw.net/previews-ttv/live_user_asa_ifrit-{width}x{height}.jpg
1afd3fcb51954f6ebb2b73a6cb849d40,live,ã€éº»ã€‘ææ—©é–‹ æƒ³ç©çš„äººè«‹åˆ°å¹²é”å®¶æ’éšŠ!  | æ›å°å¹«æˆ‘é–‹5%è²éŸ³ | ft: @ganda30678,2025-01-31T10:04:53Z,https://www.twitch.tv/ilbis0120,https://static-cdn.jtvnw.net/previews-ttv/live_user_ilbis0120-{width}x{height}.jpg
be1a18aa8599409ba250e5345e62fed6,live,2025/1/31ã€ç©éŠæˆ²ã€‘åªæ¸›ä¸åŠ çš„åŠ ç­å°ï¼é€™éŠæˆ²æ€éº¼ç©ï¼Ÿ Ù©(à¹‘ËƒÌµá´—Ë‚Ìµà¹‘)Û¶ ï½œ!ç´…åŒ…åˆ—è»Šï½œæ­¡è¿æ›å°è¿½éš¨ @kisa0921,2025-01-31T10:06:43Z,https://www.twitch.tv/kisa0921,https://static-cdn.jtvnw.net/previews-ttv/live_user_kisa0921-{width}x{height}.jpg
12ece01ae7004e9195e79309f0cdae40,live,ğŸŒ â–¶  âšğŸŒ  ( à¹‘ â€¢Ì€ ã… â€¢Ì à¸… ),2025-01-31T10:09:05Z,https://www.twitch.tv/monkeykii,https://static-cdn.jtvnw.net/previews-ttv/live_user_monkeykii-{width}x{height}.jpg
33546b9ad5a8408589405f9467063dd7,live,âœ§ê™³â—Œ â‚“ å•µå•µå¦® @boni_0x0 â‚“ â—Œê™³âœ§ æ–°å¹´é“å°±æ˜¯è¦è€è€å»¢ï¼æ™šé»ä¾†çœ‹çœ‹è¦ç©ç”šéº¼éŠæˆ²ï¼ âœ§ â‚“ê™³ â—Œ Minecraft â—Œ â‚“ ê™³,2025-01-31T10:14:12Z,https://www.twitch.tv/boni_0x0,https://static-cdn.jtvnw.net/previews-ttv/live_user_boni_0x0-{width}x{height}.jpg
5000b613025542c498cd6ab2287865c6,live,â›… â°Â¹ / â‚ƒâ‚â›…æˆ‘åƒé£¯å›ä¾†å•¦ ä¾†èŠèŠå¥‡èè»¼äº‹  â›æ›å°æ„Ÿè¬â› @nekoa_o,2025-01-31T10:16:43Z,https://www.twitch.tv/nekoa_o,https://static-cdn.jtvnw.net/previews-ttv/live_user_nekoa_o-{width}x{height}.jpg
e58a5a6f40e040d79bbcd139824d6fc7,live,1/31  â‚á¢.â€¸.á¢â‚â‘… oã€é›¨å’©ã€‘æ–°å¹´è€ä¹…!!  æ‹šå€‹7000è¿½æœ‰æœ›å—!! é–‹åˆ°å…”~   DCå¯ä¸‹è¼‰è¨‚é–±æ¡Œå¸ƒ.å°ˆå±¬é¼ æ¨™å”·~ | è‡ªä¸»è¨‚é–±åŠ å¼·ç‰ˆè«‹æ±‚æ”¯æ´~é›¨å¯¶å€‘!  æ„Ÿè¬å¤§å®¶å¹«å¿™æ›å°â™¡ | !ç°½åˆ° !é­”å„² è¼¸å…¥å„ªæƒ ç¢¼é ˜å–æŠ˜åƒ¹å· | @yumie0306,2025-01-31T10:26:59Z,https://www.twitch.tv/yumie0306,https://static-cdn.jtvnw.net/previews-ttv/live_user_yumie0306-{width}x{height}.jpg
899208f999aa4121ae2b67abb3190674,live,"å°é–‹æ›æ‰å¯¶,è«‹æ”¯æ´æ›å°,æ‹šå‹¾å‹¾âœ… ,æ›å°æ„Ÿè¬~æŒ‡ä»¤:!DC",2025-01-31T10:45:15Z,https://www.twitch.tv/sebiarash,https://static-cdn.jtvnw.net/previews-ttv/live_user_sebiarash-{width}x{height}.jpg
64e20992295c4be984e9af0a470d6440,live,ã€æ¥“å…”ã€‘éå¹´å°±æ˜¯é–‹é–‹åœåœé–‹é–‹åœåœ â™¥æŒ‡ä»¤  !è§€çœ¾++ !é­”å„²,2025-01-31T10:54:58Z,https://www.twitch.tv/streamerrabbit48,https://static-cdn.jtvnw.net/previews-ttv/live_user_streamerrabbit48-{width}x{height}.jpg